Unnamed: 0,Title,Price,Brand,Color,Size,Link,Image Source,Localisation,Gender
0,Nike dunk b√©b√© grise taille 25 ,15.0,NIKE,GRIS,25,https://www.vinted.fr/items/3888601040-nike-dunk-bebe-grise-taille-25?referrer=catalog,https://images1.vinted.net/t/01_015e7_CeyX15woowk9EaWaXGTuVppp/310x430/1702752349.jpeg?s=9e6397d88bfff52a1b1944b43dd7965d884517e6,"SAINT-AVOLD, FRANCE",Kid
1,Dunk Nike enfant ,25.0,NIKE,"NOIR, BLANC",22,https://www.vinted.fr/items/3883877271-dunk-nike-enfant?referrer=catalog,https://images1.vinted.net/t/03_026a5_y3xvsokifWuVH4Xf8StYCD6E/310x430/1702629497.jpeg?s=6d532da8835bc481a0d630afdc33a0eca33e92fb,"REMERSDAAL, BELGIQUE",Kid
2,Nike Dunk   Low   Black and whte panda  38,41.0,NIKE,"NOIR, BLANC",38,https://www.vinted.fr/items/3881795207-nike-dunk-low-black-and-whte-panda-38?referrer=catalog,https://images1.vinted.net/t/02_020ce_tnvqQAuGSNxMo86EyvXi5vbd/310x430/1702559663.jpeg?s=286792376c9a3a73731be429ba194d1ec2004cb3,PAYS-BAS,Kid
3,Nike Dunk Flamingo sneakers EU 38,51.32,NIKE,GRIS,38,https://www.vinted.fr/items/3874526946-nike-dunk-flamingo-sneakers-eu-38?referrer=catalog,https://images1.vinted.net/t/03_01020_pfAenhWBrpwqEeMjtYM5e9Fn/310x430/1702377798.jpeg?s=83c2f5fee1225e7f129974c352b5ef8f7b0be474,FRANCE,Kid
4,Nike dunk panda ,20.0,NIKE,NOIR,22,https://www.vinted.fr/items/3891578411-nike-dunk-panda?referrer=catalog,https://images1.vinted.net/t/02_01ec4_VPynArmndgo7kQ6FNgxPxYRK/310x430/1702833553.jpeg?s=bb09fa80d2b1d2986a6c07fc588ec8b6e1ba8767,"PAVILLY, FRANCE",Kid
5,Nike dunk low taille 40 Chaussures,49.0,NIKE,"GRIS, BLANC",40,https://www.vinted.fr/items/3881776907-nike-dunk-low-taille-40-chaussures?referrer=catalog,https://images1.vinted.net/t/02_02098_zFyn2SmhP6wevX3wkESNpRyc/310x430/1702559363.jpeg?s=152f8d17beb4c32c9eef9166b4bf27531c8cee45,FRANCE,Kid
6,"Nike dunk low enfant 27,5",29.0,NIKE,"NOIR, BLANC",27,https://www.vinted.fr/items/3875148342-nike-dunk-low-enfant-275?referrer=catalog,https://images1.vinted.net/t/02_0012d_aXSJpJ2zfiP2H5w6BJGQD1Pn/310x430/1702387203.jpeg?s=9fd990da167585e9d648128dbf3fd57f55cf3212,"MARSEILLE 10, FRANCE",Kid
7,Nike Dunk Low,25.0,NIKE,"BORDEAUX, ROSE",23,https://www.vinted.fr/items/3873554339-nike-dunk-low?referrer=catalog,https://images1.vinted.net/t/01_024e8_jqUyU4pNkU576M4uKren2hMX/310x430/1702330778.jpeg?s=e952e0e9026a3ac3008ff3d46f653736c05fd412,FRANCE,Kid
8,Nike Air Max 97 zapatillas correr sneakers nuevos basket Jordan Air force tn uptempo retro dunk,55.0,NIKE,"BLANC, MULTICOLORE",36,https://www.vinted.fr/items/3835401480-nike-air-max-97-zapatillas-correr-sneakers-nuevos-basket-jordan-air-force-tn-uptempo-retro-dunk,https://images1.vinted.net/t/02_0176f_mbm2Jx2kFyYwesbFtWXrNHSQ/310x430/1701518261.jpeg?s=49651267f343405edbcbc8cfd79ec8e528fe5f43,"EL CAMPELLO, ESPAGNE",Kid
9,Nike dunk low,40.0,NIKE,NOIR,21,https://www.vinted.fr/items/3880705734-nike-dunk-low?referrer=catalog,https://images1.vinted.net/t/03_005db_5mZRM9ywgbydJX21t5ZrFzBj/310x430/1702533474.jpeg?s=17408e09ad4a6a4d986aedd06d0a31ae9b8c9830,FRANCE,Kid
10,"Nike dunk maat 23,5 (eur)",27.5,NIKE,BORDEAUX,23,https://www.vinted.fr/items/3880103244-nike-dunk-maat-235-eur?referrer=catalog,https://images1.vinted.net/t/02_01609_AKrCUxeUMsfbA6Dh3YGjLoX4/310x430/1702497690.jpeg?s=d7713f3e0bd0b1b66efa445c4a780b0564b23b44,"MUIDEN, PAYS-BAS",Kid
11,Nike Dunk   Low   Black and whte panda  39,41.0,NIKE,"NOIR, BLANC",39,https://www.vinted.fr/items/3881819676-nike-dunk-low-black-and-whte-panda-39?referrer=catalog,https://images1.vinted.net/t/02_018e4_WPviS3zBM6sHXycVke7ppXwP/310x430/1702560058.jpeg?s=c226fb224529ed083f953b589a91b049f987df56,PAYS-BAS,Kid
12,Nike Dunk   Low   Black and whte panda  40,39.6,NIKE,NOIR,40,https://www.vinted.fr/items/3881802324-nike-dunk-low-black-and-whte-panda-40?referrer=catalog,https://images1.vinted.net/t/01_00333_v2e97ABFmZMs8EwUS3dQGuoB/310x430/1702559779.jpeg?s=693904dc6dada15e6df4eb7d4f728888bf95371f,PAYS-BAS,Kid
13,Nike Dunk Low Verde oscuro 40,43.99,NIKE,"BLANC, VERT",40,https://www.vinted.fr/items/3892011604-nike-dunk-low-verde-oscuro-40?referrer=catalog,https://images1.vinted.net/t/02_0243e_aVhVJD6uFUzDcVXi3HpV2WLf/310x430/1702840164.jpeg?s=12882fbd349b9e9cf14b59af196dd26566a3849f,"CARPENTRAS, FRANCE",Kid
14,Nike Dunk Black Low White Panda EU 39,55.0,NIKE,NOIR,39,https://www.vinted.fr/items/3891969397-nike-dunk-black-low-white-panda-eu-39?referrer=catalog,https://images1.vinted.net/t/03_000eb_DLjawN5VXwfCVfwYXFRGbwXT/310x430/1702839473.jpeg?s=cb18de9bc3f0ac556f18efc6e0c0a825e35e4533,"AJACCIO, FRANCE",Kid
15,Paire de Nike dunk,31.0,NIKE,"NOIR, BLANC",23,https://www.vinted.fr/items/3877718975-paire-de-nike-dunk?referrer=catalog,https://images1.vinted.net/t/03_020db_tC4pvx7z8XGyyvD9LRitcfDh/310x430/1702460873.jpeg?s=d998b662f0d8f89448bb7da8f890cf917d93da71,"BEAUVAIS, FRANCE",Kid
16,Nike Dunk Low. 36,25.0,NIKE,"BLANC, BLEU",36,https://www.vinted.fr/items/3890049118-nike-dunk-low-36?referrer=catalog,https://images1.vinted.net/t/02_005f7_rv83bmKAptRC3zTG1N8jxBXa/310x430/1702813610.jpeg?s=0e5359ed8cc7a727c154d61bd61c835bd46dd4f4,ESPAGNE,Kid
17,Basket Nike ,33.0,NIKE,NOIR,26,https://www.vinted.fr/items/3873155468-basket-nike?referrer=catalog,https://images1.vinted.net/t/03_009b2_gVhWhiqLD8i5jszYJqHH9L2z/310x430/1702324764.jpeg?s=1bb06e389bf406285b33660b5adb44ec425b5c22,"NOYON, FRANCE",Kid
18,Nike dunk bambino/a,10.0,NIKE,"NOIR, BLANC",28,https://www.vinted.fr/items/3884037167-nike-dunk-bambinoa?referrer=catalog,https://images1.vinted.net/t/02_00e82_hYs9ZuocyqrxVyPCnJpV1a7z/310x430/1702633357.jpeg?s=81510eb76631a6f7cead237ff0cea6ff849c167b,"TORINO, ITALIE",Kid
19,Nike Dunk 26,33.0,NIKE,"NOIR, ROUGE",26,https://www.vinted.fr/items/3892023676-nike-dunk-26?referrer=catalog,https://images1.vinted.net/t/02_02031_BBFS3GAh9yKG5etKbRXZVaV5/310x430/1702840364.jpeg?s=0b94c0d936972fe92b9e2efa3f1fc57c3c601e1f,"SAUGNAC-ET-CAMBRAN, FRANCE",Kid
20,Nike dunk low Triple pink 38,52.36,NIKE,ROSE,38,https://www.vinted.fr/items/3883756868-nike-dunk-low-triple-pink-38?referrer=catalog,https://images1.vinted.net/t/01_00316_DaJ3S5boUNv1my62sAkDvMNM/310x430/1702624393.jpeg?s=272867c1994fd1f94cde7f6388d751ebefdb49b7,"CAUSSADE-RIVI√àRE, FRANCE",Kid
21,Nike Dunk Low White Black 36,43.99,NIKE,"NOIR, BLANC",36,https://www.vinted.fr/items/3891999908-nike-dunk-low-white-black-36?referrer=catalog,https://images1.vinted.net/t/03_006e5_YnFh7ypVGJPcyCAqPsVyyAYL/310x430/1702839971.jpeg?s=ed2fe332fd610bc9594a4ad098ba1b6f65233e41,"CARPENTRAS, FRANCE",Kid
22,üéÖüåπNike Dunk Orange Syracuse Low EU 39,59.9,NIKE,ORANGE,39,https://www.vinted.fr/items/3892048788-nike-dunk-orange-syracuse-low-eu-39?referrer=catalog,https://images1.vinted.net/t/02_00ef0_wjamugMRt8K3dhppPToGemCr/310x430/1702840781.jpeg?s=2e36f9d25c9ce140c180ce93037800b0c356e36f,"MONTAUBAN, FRANCE",Kid
23,üéÖüåπNike Dunk Orange Syracuse Low EU 39,59.9,NIKE,ORANGE,39,https://www.vinted.fr/items/3892048530-nike-dunk-orange-syracuse-low-eu-39?referrer=catalog,https://images1.vinted.net/t/03_0203f_kCDMSqPu7eHXsjxqXGW5v87V/310x430/1702840777.jpeg?s=2bce8345ac8037a56b50519ab756dee708426e27,"MONTAUBAN, FRANCE",Kid
24,Nike Dunk Low Gris 36  ,43.99,NIKE,"GRIS, BLANC",36,https://www.vinted.fr/items/3892005266-nike-dunk-low-gris-36?referrer=catalog,https://images1.vinted.net/t/02_01c43_XrJY4PSXUktdvjyPRSJiZDbd/310x430/1702840059.jpeg?s=941891189889f9fd11016c64a0143be20c6f285c,"CARPENTRAS, FRANCE",Kid
25,N√¨k√© D«înküéÑL√≥wüéÑWhiteüî•Grey 38,40.5,NIKE,"GRIS, BLANC",38,https://www.vinted.fr/items/3890621455-nike-dunklowwhitegrey-38?referrer=catalog,https://images1.vinted.net/t/02_016de_STSay4HEYsvUvTphPBorij38/310x430/1702820889.jpeg?s=370d74919d5f49e9ff918833e1ef688adcc951cc,FRANCE,Kid
26,Nike Dunk Black Low White Panda EU 40,55.0,NIKE,NOIR,40,https://www.vinted.fr/items/3891965174-nike-dunk-black-low-white-panda-eu-40?referrer=catalog,https://images1.vinted.net/t/01_02276_kzPtCiBn1ZhZqn2W5gKAJZM2/310x430/1702839403.jpeg?s=b3559c534e2767930e6f49b5cdcbb5bd28339c08,"AJACCIO, FRANCE",Kid
27,Dunk enfant,43.0,NIKE,"BLANC, ROSE",22,https://www.vinted.fr/items/3875455602-dunk-enfant?referrer=catalog,https://images1.vinted.net/t/03_0193b_q885PRfPDGWix2ezK9FxRRMU/310x430/1702391574.jpeg?s=cce262a275701e6875c389bb5b10a5a414d33e73,"STAINS, FRANCE",Kid
28,Nike dunk √©tat neuf ,40.0,NIKE,"BLANC, ORANGE",31,https://www.vinted.fr/items/3883152622-nike-dunk-etat-neuf?referrer=catalog,https://images1.vinted.net/t/01_01d5e_ErYLpSuJkBGtVPbP5oGYf85e/310x430/1702583838.jpeg?s=af8242c1a11722b4e92aebd57bd288fb58f81270,"SAINTE-MARIE, FRANCE",Kid
29,Nike dunk low panda‚Äôs maat 30 ,50.0,NIKE,"NOIR, BLANC",30,https://www.vinted.fr/items/3880818486-nike-dunk-low-pandas-maat-30?referrer=catalog,https://images1.vinted.net/t/03_019c5_XGPpsQ8SfTujjxzcLRrqUNGK/310x430/1702541036.jpeg?s=809b1b369e091968134ecb147f84988aea8218a9,"ZOETERMEER, PAYS-BAS",Kid
30,Basket dunk enfant ,15.0,NIKE,"NOIR, BLANC",25,https://www.vinted.fr/items/3878637963-basket-dunk-enfant?referrer=catalog,https://images1.vinted.net/t/02_010b8_KjqqR5peATYiD6WSdwc3LhN6/310x430/1702474919.jpeg?s=eec00d22f3c96418275bfce8fe5782af399286d0,"GRASSE, FRANCE",Kid
31,Lot de 2 paires de Nike dunk law panda ,35.0,NIKE,"NOIR, ORANGE",30,https://www.vinted.fr/items/3881499570-lot-de-2-paires-de-nike-dunk-law-panda?referrer=catalog,https://images1.vinted.net/t/02_0196d_M7qNMYXiUqefgFrwASs3XsNt/310x430/1702554738.jpeg?s=98f361d593b6ebeda45e61bc90366aa88e2d520f,FRANCE,Kid
32,Nike dunk,9.0,NIKE,"NOIR, BLANC",24,https://www.vinted.fr/items/3798792190-nike-dunk?referrer=catalog,https://images1.vinted.net/t/01_01adb_QX91JnAe3KSL3HX3nVtVeAmH/310x430/1700742235.jpeg?s=984e4704ffd3921d59fdf97a7fdfca1456a3b705,"√âPINAY-SUR-SEINE, FRANCE",Kid
33,"Nike dunk low veneer (td)(18,5)",115.0,NIKE,,18,https://www.vinted.fr/items/3703025412-nike-dunk-low-veneer-td185,https://images1.vinted.net/t/01_01116_EZeoMu7ycydWLeCvM3K53dtJ/310x430/1698962104.jpeg?s=bba18666e5dc8946b7a9afe485bfc0fd812db2ac,,Kid
34,Nike Dunk üëüLow üëüBlack And White Panda 38,41.2,NIKE,"NOIR, BLANC",38,https://www.vinted.fr/items/3882252502-nike-dunk-low-black-and-white-panda-38?referrer=catalog,https://images1.vinted.net/t/02_013ea_H59tW1Mzj8XxFHdM8ifYYBtk/310x430/1702567130.jpeg?s=177701ae959e916f0cc661e2fbe3c73df6f4c66b,PAYS-BAS,Kid
35,Nike dunk,70.0,NIKE,"BLANC, BLEU",34,https://www.vinted.fr/items/3890512461-nike-dunk?referrer=catalog,https://images1.vinted.net/t/03_01ca9_fhUx6We9LPFndStw6sNp4JZW/310x430/1702819523.jpeg?s=6a7206571cc38fb8484a90f2484ba6ee5c154a50,FRANCE,Kid
36,Nike dunk,40.0,NIKE,"ROSE, ROSE",34,https://www.vinted.fr/items/3880863809-nike-dunk?referrer=catalog,https://images1.vinted.net/t/03_021ee_W7fSnYHbg3q9onZRmDgQjHZP/310x430/1702542545.jpeg?s=e3a93147a38a15c6813619d54c37b03f7f9d5377,"CERIGNOLA, ITALIE",Kid
37,Nike Dunk Black Low White Panda EU 36,55.0,NIKE,NOIR,36,https://www.vinted.fr/items/3891968694-nike-dunk-black-low-white-panda-eu-36?referrer=catalog,https://images1.vinted.net/t/03_00bbc_pNYDRBFi475WfxpwXr4gMHRp/310x430/1702839461.jpeg?s=5dc6c122b24c14c6d0aa54779743e94b1a4545e6,"AJACCIO, FRANCE",Kid
38,N√¨k√© D«înküéÑL√≥wüéÑBlack and white Panda 38,39.99,NIKE,"NOIR, BLANC",38,https://www.vinted.fr/items/3890524974-nike-dunklowblack-and-white-panda-38?referrer=catalog,https://images1.vinted.net/t/03_01b28_WwCA8FsbXNFkfKQXigmWSfEa/310x430/1702819681.jpeg?s=dcda7fa723831122d913bef566eccacd7a7ad51a,"MARSEILLE, FRANCE",Kid
39,"Nike dunk hoog maat 35,5",37.5,NIKE,"BLANC, VERT",35,https://www.vinted.fr/items/3878250770-nike-dunk-hoog-maat-355?referrer=catalog,https://images1.vinted.net/t/02_0088b_7FWPc5x94n8xyNuFhEuMH2fV/310x430/1702469239.jpeg?s=621dee8472ce7b9ee27793c1f7d4b5d1b09761c2,"ALMERE, PAYS-BAS",Kid
40,Basket Nike dunk low b√©b√© ,15.0,NIKE,GRIS,18,https://www.vinted.fr/items/3861699842-basket-nike-dunk-low-bebe?referrer=catalog,https://images1.vinted.net/t/01_01e46_1uXRm3Hog5Na3Ks7wVxbNbHD/310x430/1702118152.jpeg?s=135cd37723325564177f562466e1e468fb555fe7,FRANCE,Kid
41,üéÖüåπNike Dunk Orange Syracuse Low EU 40,59.9,NIKE,ORANGE,40,https://www.vinted.fr/items/3892048880-nike-dunk-orange-syracuse-low-eu-40?referrer=catalog,https://images1.vinted.net/t/03_01b1d_rH2ctMET9fSJ7ac4CtaF1BbD/310x430/1702840783.jpeg?s=e93a7fe871bbefc6bfc2c7a4802162a3ccc38ad8,"MONTAUBAN, FRANCE",Kid
42,üéÖüåπNike Dunk Orange Syracuse Low EU 40,59.9,NIKE,ORANGE,40,https://www.vinted.fr/items/3892048589-nike-dunk-orange-syracuse-low-eu-40?referrer=catalog,https://images1.vinted.net/t/03_015ec_cXNxRxdXah7iJTKs67pyDf7E/310x430/1702840778.jpeg?s=aff71cb98b9698c897493b2560dd839f789d557a,"MONTAUBAN, FRANCE",Kid
43,Dunk Nike,40.0,NIKE,GRIS,34,https://www.vinted.fr/items/3890851027-dunk-nike?referrer=catalog,https://images1.vinted.net/t/01_00e3a_v93MTtfib59FYY9az4uD9kNZ/310x430/1702823743.jpeg?s=4f6b7ebe6e13071ece15ff1ea040ee6972c1112b,FRANCE,Kid
44,dunk prix n√©gociable ,35.0,NIKE,"NOIR, ORANGE",35,https://www.vinted.fr/items/3879527390-dunk-prix-negociable?referrer=catalog,https://images1.vinted.net/t/03_00b63_S9VTuGRCsdWp1dhLdX1N3s7L/310x430/1702488131.jpeg?s=a94f3669e0d05e749dabfb9bb786d17b85b2b655,FRANCE,Kid
45,  Nike Dunk 40,38.0,NIKE,GRIS,40,https://www.vinted.fr/items/3875196186-nike-dunk-40?referrer=catalog,https://images1.vinted.net/t/03_01123_Z36qu3uM626Xt3CmxwaYeg7u/310x430/1702387885.jpeg?s=194a00cf33454fe85ee4d63435a3f5c920a81f36,"BOUSES, ESPAGNE",Kid
46,nike dunk orange neuve ,38.0,NIKE,ORANGE,26,https://www.vinted.fr/items/3871292917-nike-dunk-orange-neuve?referrer=catalog,https://images1.vinted.net/t/01_00249_dpkL4FousyiBJVHtVrBtLsfY/310x430/1702299154.jpeg?s=57869ace3d02705a1b90220e286ffe10eb388144,"ECCICA-SUARELLA, FRANCE",Kid
47,Basket ,45.0,NIKE,"NOIR, BLANC",27,https://www.vinted.fr/items/3879964669-basket?referrer=catalog,https://images1.vinted.net/t/03_00f4b_o9gwd1jUt9kh1ZkFhQhK6kzU/310x430/1702495366.jpeg?s=5aa95018883d8d61c1a33cc78c695a3620ac5e08,"SAINT-OUEN, FRANCE",Kid
48,Nike dunk low ,50.0,NIKE,"NOIR, BLANC",25,https://www.vinted.fr/items/3877469527-nike-dunk-low?referrer=catalog,https://images1.vinted.net/t/01_00286_dN5cDhJqsQe86VvxKEtDurgD/310x430/1702457976.jpeg?s=327a5db4c514c4fcfb6556706cc120a24d0870c6,FRANCE,Kid
49,Niks dunk low ,30.0,NIKE,"GRIS, BLANC",26,https://www.vinted.fr/items/3883676872-niks-dunk-low?referrer=catalog,https://images1.vinted.net/t/01_00f60_xSD6jQ3ReyU2EmF32PNyo6gt/310x430/1702606852.jpeg?s=28fee7720b8ef6fc63d2731cd3f7ff4e0829e280,"GOES, PAYS-BAS",Kid
50,Nike dunk low taille 23.5 ,45.0,NIKE,"NOIR, BLANC",23,https://www.vinted.fr/items/3870216924-nike-dunk-low-taille-235?referrer=catalog,https://images1.vinted.net/t/02_00021_Zuekex7x4GMLfkY5qMMC2hfx/310x430/1702281023.jpeg?s=08b9de7352410669b6236403f6e4fa836f61bfb6,"MOUGINS, FRANCE",Kid
51,Stikers autocollants Nike Dunk low Off-White et Air Jordan 1 adolescents divertissement ,3.5,NIKE,MULTICOLORE,Taille non sp√©cifi√©e,https://www.vinted.fr/items/3832550323-stikers-autocollants-nike-dunk-low-off-white-et-air-jordan-1-adolescents-divertissement?referrer=catalog,https://images1.vinted.net/t/02_003d4_6uf2Pfz6Egv9DABQua6R922Y/310x430/1701440173.jpeg?s=04f370d6fa27b67163dd1bc7027facf93a66ade1,FRANCE,Kid
52,Dunk Pink 28.5,28.0,NIKE,"ROSE, ROSE",28,https://www.vinted.fr/items/3865571230-dunk-pink-285?referrer=catalog,https://images1.vinted.net/t/03_02301_y9PU19EZmJtfEbsCuaYXtjmm/310x430/1702202422.jpeg?s=33c248c920a4f42b45b02d32ec9f26c8c7123b4b,"AMILLY, FRANCE",Kid
53,üéÖüåπNike Dunk Orange Syracuse Low EU 38,59.9,NIKE,ORANGE,38,https://www.vinted.fr/items/3892048699-nike-dunk-orange-syracuse-low-eu-38?referrer=catalog,https://images1.vinted.net/t/02_020f6_1pyQ1Zzc3HXJ619Nfsj6rmJU/310x430/1702840780.jpeg?s=cb5fef5b0c4ca7a5cdc676e5692dee783555d37a,"MONTAUBAN, FRANCE",Kid
54,Nike dunk low 21,25.0,NIKE,NOIR,21,https://www.vinted.fr/items/3891476681-nike-dunk-low-21?referrer=catalog,https://images1.vinted.net/t/01_023a6_h3mgFQrdx1nfE9YEyu6QoQsM/310x430/1702832082.jpeg?s=21542eb6657156a36f102b9cc717ba6d0daa15a3,"ISTRES, FRANCE",Kid
55,üéÖüåπNike Dunk Orange Syracuse Low EU 38,59.5,NIKE,ORANGE,38,https://www.vinted.fr/items/3892037925-nike-dunk-orange-syracuse-low-eu-38?referrer=catalog,https://images1.vinted.net/t/02_0027e_sNx73S7BXXwrQ71dRtJwpwM6/310x430/1702840599.jpeg?s=d0ce77a845bf180b122ee786c0a237048bcbb5a7,"MONTAUBAN, FRANCE",Kid
56,Nike Dunküî•LowüëüBlack and whte pandaüêº 40,38.11,NIKE,NOIR,40,https://www.vinted.fr/items/3886858508-nike-dunklowblack-and-whte-panda-40?referrer=catalog,https://images1.vinted.net/t/03_01b6e_ZHeiDKVHavjUdodYZfVhAr2y/310x430/1702723411.jpeg?s=042f48514f87d3ef9b8a2ac9b4bd74f1b8270181,FRANCE,Kid
57,Nike dunk low Triple pink 39,65.77,NIKE,ROSE,39,https://www.vinted.fr/items/3883971060-nike-dunk-low-triple-pink-39?referrer=catalog,https://images1.vinted.net/t/03_015a3_LxuoHV4gucZUc7fFjES7YcNm/310x430/1702631933.jpeg?s=de815a7bd4867027321bcfbd4fbf348cb0f49970,FRANCE,Kid
58,Dunk low UNC taile 34,150.0,NIKE,"BLANC, BLEU",34,https://www.vinted.fr/items/3879412577-dunk-low-unc-taile-34,https://images1.vinted.net/t/03_019ad_bcfTUeHWwbtbxjB6wddZdkqa/310x430/1702486303.jpeg?s=19617e4ea46b5716408f4130b95b26acfc6c6d44,"BORDEAUX, FRANCE",Kid
59,Dunk noire et blanches,40.0,NIKE,"NOIR, BLANC",27,https://www.vinted.fr/items/3882894663-dunk-noire-et-blanches?referrer=catalog,https://images1.vinted.net/t/01_0170d_PuZRRGgN7gZQvYw5MYrkZHB5/310x430/1702578891.jpeg?s=3df981bda8b472a70a3f3f3db30dbebf1f3c27ae,FRANCE,Kid
60,Dunk bleu noir et blanche ,50.0,NIKE,"NOIR, BLEU",33,https://www.vinted.fr/items/3878126582-dunk-bleu-noir-et-blanche?referrer=catalog,https://images1.vinted.net/t/03_00630_9NJ1Nkc55PgabdEPr8FzCVLG/310x430/1702467285.jpeg?s=3437c97c2e01e4ba309762b36ea4922d6f9bf69b,"MARSEILLE 14, FRANCE",Kid
61,Nike Dunk low panda ,35.0,NIKE,"NOIR, BLANC",23,https://www.vinted.fr/items/3879770666-nike-dunk-low-panda?referrer=catalog,https://images1.vinted.net/t/03_00785_1wnqhuugLLoSMhk72yUbXCTP/310x430/1702492092.jpeg?s=a36222726f0f7fe4158838a17ee3c9b97bb76bb8,"√âPINAY-SUR-SEINE, FRANCE",Kid
62,Basket nike dunk low 26,45.0,NIKE,NOIR,26,https://www.vinted.fr/items/3866182667-basket-nike-dunk-low-26?referrer=catalog,https://images1.vinted.net/t/01_0199d_Kr6vid8E7Y2yurP9FNzhcxVj/310x430/1702208376.jpeg?s=8c1fb9d00e48b5b2f478746f8a8d5be84b2a66a0,"BOIS-GUILLAUME, FRANCE",Kid
63,Basket Nike ,28.0,NIKE,"BLANC, BLEU",24,https://www.vinted.fr/items/3881112693-basket-nike?referrer=catalog,https://images1.vinted.net/t/01_01b40_vqrj9YqS7ZozpL8ohrxGNwEu/310x430/1702548085.jpeg?s=0d34193fd3c464fe949a213a73f371c4ed8c412d,"PLAISANCE-DU-TOUCH, FRANCE",Kid
64,Nike Dunk SB Low Retro Green 36.5,56.0,NIKE,VERT,36,https://www.vinted.fr/items/3880347796-nike-dunk-sb-low-retro-green-365?referrer=catalog,https://images1.vinted.net/t/03_01671_sYFV3PAcg1R2eXRy6ugZYbuK/310x430/1702501990.jpeg?s=4db60c1da0a25a4d0e9a8c6e56d2a82880460bd9,"RUEIL-MALMAISON, FRANCE",Kid
65,Nike Dunk   Low   Black and whte panda  40,43.0,NIKE,NOIR,40,https://www.vinted.fr/items/3881816301-nike-dunk-low-black-and-whte-panda-40?referrer=catalog,https://images1.vinted.net/t/01_0132a_RBQdabdRJtmjvJNcuar9n9Ky/310x430/1702560004.jpeg?s=5663819c9339f529d2bea7d8ab721ea67a02355f,PAYS-BAS,Kid
66,Nike dunk low Triple pink 38,45.36,NIKE,ROSE,38,https://www.vinted.fr/items/3878561660-nike-dunk-low-triple-pink-38?referrer=catalog,https://images1.vinted.net/t/01_011d6_i2puThxakg8z3SDu48p5UNFC/310x430/1702473843.jpeg?s=98e36c6759a92ccea655f161ca29bfae41abc4ed,FRANCE,Kid
67,Sneakers Kids ‚Äò Nike Dunk low ‚Äò ,20.0,NIKE,"LILA, TURQUOISE",22,https://www.vinted.fr/items/3860310131-sneakers-kids-nike-dunk-low?referrer=catalog,https://images1.vinted.net/t/01_009b2_8g2w3eAGpjYCZHnr2fEaox3x/310x430/1702062515.jpeg?s=ca495d891a485e4f25dbe0e899cc5efb17843bed,FRANCE,Kid
68,dunk low panda 42,25.0,NIKE,NOIR,40,https://www.vinted.fr/items/3881701486-dunk-low-panda-42?referrer=catalog,https://images1.vinted.net/t/01_007c9_fg65kgdWZCwH164EwHhZ4dzR/310x430/1702558140.jpeg?s=c35f4158667b6e9ee73f01a163e36f7ddb4658df,"GRAVINA IN PUGLIA, ITALIE",Kid
69,Scarpe dunk bambini ,40.0,NIKE,"NOIR, BLANC",22,https://www.vinted.fr/items/3888812352-scarpe-dunk-bambini?referrer=catalog,https://images1.vinted.net/t/03_00b48_F7bTuae49ovmcYjvf2Yo1mrk/310x430/1702757443.jpeg?s=5f346bcd81f35a33a9725126c848787fede4a054,"MODUGNO, ITALIE",Kid
70,Basket NIKE ,15.0,NIKE,"NOIR, BLANC",23,https://www.vinted.fr/items/3877187577-basket-nike?referrer=catalog,https://images1.vinted.net/t/01_024b4_1J8XrbTcUjQwjBDWFHpjimJL/310x430/1702421722.jpeg?s=3fc717dbe065d3caead3453b5bd2439a877e1b56,"SURVILLIERS, FRANCE",Kid
71,Dunk low grise ,28.0,NIKE,"GRIS, BLANC",29,https://www.vinted.fr/items/3882860409-dunk-low-grise?referrer=catalog,https://images1.vinted.net/t/02_01895_HrafttPDB96Yqm5DK8KJF42Z/310x430/1702578240.jpeg?s=de7f9237a8b97bf91eadc0c3c1fd41e332427478,FRANCE,Kid
72,Nike dunk grey fog low Size 36.5,56.0,NIKE,GRIS,36,https://www.vinted.fr/items/3883211968-nike-dunk-grey-fog-low-size-365?referrer=catalog,https://images1.vinted.net/t/02_01724_mxTi5FapGkJvbdGDkEfair3h/310x430/1702584934.jpeg?s=a1a438a19ce35828f72e8a558579819db91bf29a,"RUEIL-MALMAISON, FRANCE",Kid
73,"""Nike dunk Low Sneakers taille 40 gris blanc """,49.0,NIKE,"GRIS, BLANC",40,https://www.vinted.fr/items/3881815205-nike-dunk-low-sneakers-taille-40-gris-blanc?referrer=catalog,https://images1.vinted.net/t/03_021e4_UjNUg1zH9LTNPPzWXj32pCV6/310x430/1702559986.jpeg?s=ac1670026efc87591a8f0e63de4f2e467416e40b,FRANCE,Kid
74,Nike rose noir,20.0,NIKE,"NOIR, ROSE",35,https://www.vinted.fr/items/3877857945-nike-rose-noir?referrer=catalog,https://images1.vinted.net/t/03_01af2_cGZff1FCBgqcnvCGRfYMURus/310x430/1702463129.jpeg?s=c77d92f82c2fa50cb15153c8649c99b101078012,"PERPIGNAN, FRANCE",Kid
75,Nike Dunküî•Green Lowüî• Whiteüëü 40,45.44,NIKE,"VERT, VERT FONC√â",40,https://www.vinted.fr/items/3879137159-nike-dunkgreen-low-white-40?referrer=catalog,https://images1.vinted.net/t/01_0176e_Zb4UfTJXGYKdEntExekpBvfq/310x430/1702482044.jpeg?s=32f346b53390c830c26a597f12d56af1ad8bb326,"APELDOORN, PAYS-BAS",Kid
76,dunk low panda bambino tg.35,30.0,NIKE,"NOIR, BLANC",35,https://www.vinted.fr/items/3886887805-dunk-low-panda-bambino-tg35?referrer=catalog,https://images1.vinted.net/t/01_026d3_BLh5Ufxmd7RWqvFctTLL8iUd/310x430/1702723866.jpeg?s=6322afe200f6688f45e7d61f3f3fbed7b57bd51f,"ELMAS, ITALIE",Kid
77,Nike dunk,15.0,NIKE,NOIR,24,https://www.vinted.fr/items/3850955343-nike-dunk?referrer=catalog,https://images1.vinted.net/t/03_0072d_ctpgWjSwrycmsxBBfedwPxdv/310x430/1701856164.jpeg?s=75b8f7903c1ee9f7ba36fd642271b0e388e312b4,"CALAIS, FRANCE",Kid
78,Dunk nike ,50.0,NIKE,MULTICOLORE,37,https://www.vinted.fr/items/3868573565-dunk-nike?referrer=catalog,https://images1.vinted.net/t/03_01ea9_gU4u4Nuk49FnpTPDGfiNu1D5/310x430/1702230223.jpeg?s=d0b2b05ce478ea8cdbaac111821c5a9c474e2627,"IVRY-SUR-SEINE, FRANCE",Kid
79,Nike dunk low panda ,30.0,NIKE,,24,https://www.vinted.fr/items/3892047063-nike-dunk-low-panda?referrer=catalog,https://images1.vinted.net/t/03_022bb_ooisEGPXxUy1822A9JKQodjM/310x430/1702840753.jpeg?s=4311e6115e0e8e819e202fd74727efb9761be1a3,,Kid
80,Nike Dunk üëüLow üëüBlack And White Panda 39,44.3,NIKE,"NOIR, BLANC",39,https://www.vinted.fr/items/3882258556-nike-dunk-low-black-and-white-panda-39?referrer=catalog,https://images1.vinted.net/t/01_0268c_jGxiTACgvMnoUpYfd817TAjG/310x430/1702567235.jpeg?s=9a164fc9fed37cd6434be4a3bb67098c0dbdf771,PAYS-BAS,Kid
81,Nike dunk low Triple pink 38,52.36,NIKE,ROSE,38,https://www.vinted.fr/items/3875706418-nike-dunk-low-triple-pink-38?referrer=catalog,https://images1.vinted.net/t/02_0242f_6AC7ReLpTXPeB1ft5Wif91fh/310x430/1702395323.jpeg?s=36a83168457b03d6cd97f207e313f06412dd1919,"SAINTE-FOY-L√àS-LYON, FRANCE",Kid
82,Nike dunk Jordan MID pointure 33 rouge et noire,38.0,NIKE,"NOIR, ROUGE",33,https://www.vinted.fr/items/3859148471-nike-dunk-jordan-mid-pointure-33-rouge-et-noire?referrer=catalog,https://images1.vinted.net/t/01_019a5_6PMdH3Cp3eVrwe4yWVS3K6wL/310x430/1702044182.jpeg?s=4e2e43abc7865c58a028e328908d70a9c7c27a70,"NICE, FRANCE",Kid
83,# Nike # vintage # ,15.0,NIKE,MARINE,M,https://www.vinted.fr/items/3205640432-nike-vintage,https://images1.vinted.net/t/01_00ca0_xMJ3oiCjJN5dyvZgqxtoRu5S/310x430/1688465267.jpeg?s=1e3bae27b29c2fe227e8c44d0fbb279a242a6bec,"ORDIZIA, ESPAGNE",Kid
84,Nike dunk low panda port√©es 2 fois,30.0,NIKE,"NOIR, BLANC",27,https://www.vinted.fr/items/3887307632-nike-dunk-low-panda-portees-2-fois?referrer=catalog,https://images1.vinted.net/t/03_01422_4frxd4yWbics26KMipk679ZT/310x430/1702730417.jpeg?s=90b0c30aa301f3e0026e48147d78f9eb0e6472d2,FRANCE,Kid
85,N√¨k√© D«înküéÑL√≥wüéÑWhiteüî•Grey 40,42.52,NIKE,"GRIS, BLANC",40,https://www.vinted.fr/items/3891588962-nike-dunklowwhitegrey-40?referrer=catalog,https://images1.vinted.net/t/01_02080_vFQrd1BrnjGbfCcJMTWAb9Dx/310x430/1702833708.jpeg?s=69bed796718d06fe3d792480bb0df74b0f9bd167,LUXEMBOURG,Kid
86,Dunk vert,30.0,NIKE,VERT,35,https://www.vinted.fr/items/3874887322-dunk-vert?referrer=catalog,https://images1.vinted.net/t/03_01b50_1BoF4pWBrrBrzatVWYaLcZbd/310x430/1702383365.jpeg?s=000d4c659030841724bd2c9a55490d92baf3725f,"SAINT-HILAIRE-D'OZILHAN, FRANCE",Kid
87,Basket Nike Dunk low,55.0,NIKE,"ORANGE, BLEU",31,https://www.vinted.fr/items/3876361496-basket-nike-dunk-low?referrer=catalog,https://images1.vinted.net/t/01_01b7a_Xthzdec7WuvrQxYz3SmZStk1/310x430/1702555742.jpeg?s=6fdc03517b9cbea7b82060e0b5c9517ab22a1e74,ESPAGNE,Kid
88,Nike dunk low enfant taille 39,23.0,NIKE,"GRIS, ROUGE",39,https://www.vinted.fr/items/3885062346-nike-dunk-low-enfant-taille-39?referrer=catalog,https://images1.vinted.net/t/02_00357_bAu6oDcAg4rvBVeVwKuirfGz/310x430/1702652102.jpeg?s=1f7afc1fa86aaa226f89a84835ec2cbd5587c6da,"BORDEAUX, FRANCE",Kid
89,Dunk low b√©b√© bleu et noir ,18.0,NIKE,"NOIR, BLEU",23,https://www.vinted.fr/items/3855599701-dunk-low-bebe-bleu-et-noir?referrer=catalog,https://images1.vinted.net/t/01_00a66_7S2bX6pjNKusQsRxBvajCFg1/310x430/1701956593.jpeg?s=0aaf4cb7555e3421309178e75f377159a8255117,"COURCOURONNES, FRANCE",Kid
90,Nike Dunk Flamingo sneakers EU  38,48.25,NIKE,ROSE,38,https://www.vinted.fr/items/3881378375-nike-dunk-flamingo-sneakers-eu-38?referrer=catalog,https://images1.vinted.net/t/02_000c2_Fwx9gYZCGBGGBTesgJyXrLjA/310x430/1702552627.jpeg?s=79bab09e1a1cdfd984456565f1d9f3aaa4e29f67,FRANCE,Kid
91,Basket Nike Dunk ,30.0,NIKE,"BLANC, BLEU CLAIR",31,https://www.vinted.fr/items/3880948051-basket-nike-dunk?referrer=catalog,https://images1.vinted.net/t/02_0225e_CRLVf5CkdhQj7iFPiba6kfWR/310x430/1702544763.jpeg?s=1b20f4b37ed493354bf4799bd009b6a65fccab1a,FRANCE,Kid
92,Nike Dunk üî• Low Panda üéÅ 38,39.0,NIKE,NOIR,38,https://www.vinted.fr/items/3884807231-nike-dunk-low-panda-38?referrer=catalog,https://images1.vinted.net/t/01_01477_oW7FqpNY3si5xCWM5AvdyLYF/310x430/1702647592.jpeg?s=6d6cd52e010d8e5f1658d2e0c2a565466c22f02a,LUXEMBOURG,Kid
93,Nike üî•Dunk Low Green And White 38,46.8,NIKE,BLANC,38,https://www.vinted.fr/items/3881738930-nike-dunk-low-green-and-white-38?referrer=catalog,https://images1.vinted.net/t/01_013fc_BS4PoGp4f4CaXEDK4NASy2QF/310x430/1702558749.jpeg?s=782e5ba79d560289d3779abbba70224c07142e54,"LEIDEN, PAYS-BAS",Kid
94,Nike dunk low Triple pink 38,52.32,NIKE,ROSE,38,https://www.vinted.fr/items/3874079009-nike-dunk-low-triple-pink-38?referrer=catalog,https://images1.vinted.net/t/02_0052a_pKbNtEHYfeFwBDHAHME72dt6/310x430/1702369226.jpeg?s=58c84b33fed1fbbbb7dec197ef77223f875b2cd6,FRANCE,Kid
95,Nike Dunk Grey White taille 38,52.36,NIKE,GRIS,38,https://www.vinted.fr/items/3888579362-nike-dunk-grey-white-taille-38?referrer=catalog,https://images1.vinted.net/t/02_003dd_Zw67U79F6UmNmXotnidsr3r3/310x430/1702751863.jpeg?s=80b2fe05ae41de1900646daf622ca7e10356934e,"SENS, FRANCE",Kid
96,Nike dunk panda,35.0,NIKE,"NOIR, BLANC",19,https://www.vinted.fr/items/3886580820-nike-dunk-panda?referrer=catalog,https://images1.vinted.net/t/01_00fda_P3G1rLEfJvMcFBP2zFXTnWcc/310x430/1702718447.jpeg?s=0b5a5355214390e64c60cfd8d93aef1f81423079,"ISTRES, FRANCE",Kid
97,Basket NIKE dunk low,35.0,NIKE,ROSE,33,https://www.vinted.fr/items/3888617873-basket-nike-dunk-low?referrer=catalog,https://images1.vinted.net/t/02_01763_pYdAocoL7foLALDXHekycSp9/310x430/1702752727.jpeg?s=cea118b423af55e1ce4fcd248caca81969f2fa78,"MARSEILLE 08, FRANCE",Kid
98,Nike dunk high. 36,60.0,NIKE,MULTICOLORE,36,https://www.vinted.fr/items/3876733400-nike-dunk-high-36?referrer=catalog,https://images1.vinted.net/t/03_02280_ohB1VgzfngHNhHP353tszaME/310x430/1702411878.jpeg?s=efda5fd47815a823b4a645f105bcb41913f72351,"ARGEL√àS-SUR-MER, FRANCE",Kid
99,Scarpe Nike Dunk Kids,30.0,NIKE,"NOIR, BLANC",22,https://www.vinted.fr/items/3883599064-scarpe-nike-dunk-kids?referrer=catalog,https://images1.vinted.net/t/03_0224a_qFDYNDpEcsr7NNkR1FdQw6JM/310x430/1702595232.jpeg?s=e5f9ac9a2df59b4d782ccc99b6dc4a75d0fa9fd3,"BELLIZZI, ITALIE",Kid
